{"cameraMode":{"drawMode":0,"name":"Shaded","section":"Shading Mode"},"sceneLighting":true,"audioPlay":false,"sceneViewState":{"showFog":true,"showMaterialUpdate":false,"showSkybox":true,"showFlares":true,"showImageEffects":true,"showParticleSystems":true},"in2DMode":false,"pivot":{"x":259.5247497558594,"y":1.311000108718872,"z":231.5699920654297},"rotation":{"x":0.16256897151470185,"y":-0.6854362487792969,"z":0.16121751070022584,"w":0.6911999583244324},"size":6.600061416625977,"orthographic":false}