{"cameraMode":{"drawMode":0,"name":"Shaded","section":"Shading Mode"},"sceneLighting":false,"audioPlay":false,"sceneViewState":{"showFog":true,"showMaterialUpdate":false,"showSkybox":false,"showFlares":true,"showImageEffects":true,"showParticleSystems":true},"in2DMode":false,"pivot":{"x":1.594970941543579,"y":1.0182502269744874,"z":-3.9674479961395265},"rotation":{"x":0.12503795325756074,"y":0.6396885514259338,"z":-0.10651243478059769,"w":0.7508789300918579},"size":6.331760883331299,"orthographic":false}