{"cameraMode":{"drawMode":0,"name":"Shaded","section":"Shading Mode"},"sceneLighting":false,"audioPlay":false,"sceneViewState":{"showFog":true,"showMaterialUpdate":false,"showSkybox":false,"showFlares":true,"showImageEffects":true,"showParticleSystems":true},"in2DMode":false,"pivot":{"x":2.6250643730163576,"y":1.7615642547607422,"z":-1.8360168933868409},"rotation":{"x":0.025788208469748498,"y":0.9738553762435913,"z":-0.1456901878118515,"w":0.17238056659698487},"size":3.1019179821014406,"orthographic":false}